{
    "sample_0": {
        "best_score": 25,
        "best_partition_bitstring": "1010100001111010",
        "best_cost_value": 68
    },
    "sample_1": {
        "best_score": 22,
        "best_partition_bitstring": "1101110100100010",
        "best_cost_value": 68
    },
    "sample_2": {
        "best_score": 21,
        "best_partition_bitstring": "1010101101110001",
        "best_cost_value": 68
    },
    "conclusion": {
        "best_sample_id": 0,
        "best_cut_score": 25,
        "best_partition_bitstring": "1010100001111010"
    }
}