{
    "sample_0": {
        "best_score": 24,
        "best_partition_bitstring": "1111100010000010",
        "best_cost_value": 68
    },
    "sample_1": {
        "best_score": 26,
        "best_partition_bitstring": "0011010000101101",
        "best_cost_value": 68
    },
    "sample_2": {
        "best_score": 26,
        "best_partition_bitstring": "0010011001011001",
        "best_cost_value": 68
    },
    "conclusion": {
        "best_sample_id": 1,
        "best_cut_score": 26,
        "best_partition_bitstring": "0011010000101101"
    }
}