,sample_0_costs,sample_0_cuts,sample_1_costs,sample_1_cuts,sample_2_costs,sample_2_cuts
0,0.3084730798536121,22,0.3542860283556096,19,0.36086650625972055,20
1,0.3084730798536121,22,0.3542860283556096,19,0.3608665062597212,20
2,0.3261969791370562,23,0.43641913937365173,17,0.37937486678963617,18
3,0.3103446042345178,21,0.36389965081877595,19,0.3424250286907664,22
4,0.3084730798536121,22,0.35428602835560974,19,0.3424250286907664,22
5,0.2933280064010043,22,0.3566470198175737,19,0.3476672763732081,19
6,0.3222836298492978,22,0.3752665053532191,19,0.41595796176944355,22
7,0.2933280064010034,22,0.3542860283556096,19,0.3424250286907664,22
8,0.30267009813093393,22,0.3720960842652322,19,0.3559153386237204,22
9,0.2896273161770277,22,0.35348700030696134,19,0.32422705873942687,22
10,0.2896273161770277,22,0.3534870003069611,19,0.32422705873942814,22
11,0.35530313305016603,21,0.3097555295792278,17,0.3159850894401025,22
12,0.2671902111868604,22,0.31652348240867495,17,0.35456034733386327,20
13,0.2329389297978018,25,0.2938083429309649,22,0.3000912666290122,21
14,0.26751405316861604,24,0.3043085375453396,23,0.31693714621052654,22
15,0.24737819782597512,24,0.3114833436694956,19,0.3573855607497646,16
16,0.292069533376553,21,0.35031299961380963,22,0.31155227430380844,20
17,0.2522939113845663,23,0.3078211741152093,21,0.32430544023183117,20
18,0.251657194323565,24,0.2880507281204755,21,0.3073749812663594,20
19,0.28286358809659073,21,0.3459911318886287,21,0.3420949227475963,21
20,0.3163929290787268,21,0.29362758737566436,19,0.312117264899127,21
21,0.31653765971732245,18,0.3288878419711948,18,0.3710217519956889,15
22,0.25393556480932944,21,0.31815516227034035,16,0.359571421929645,17
23,0.24229265247081697,24,0.2875863761626391,23,0.2967774196447995,20
24,0.30711606622632115,19,0.33563623420425087,21,0.3482794761873678,21
25,0.22438455103087843,24,0.31288148354624856,22,0.31448549989346264,20
26,0.2691474138361617,21,0.27150276879584434,22,0.30403707897811433,20
27,0.23295085083285294,24,0.33280255974839174,18,0.30188318479132364,20
28,0.24701053036777187,22,0.25337740611929915,23,0.3338938077229761,19
29,0.281901458969889,21,0.27864991296828945,23,0.29894170482739885,20
30,0.2866193716517887,20,0.2968762705903412,22,0.28560885828543797,20
31,0.26578137374405514,20,0.2844098311150568,22,0.27834694644535424,21
32,0.25942803865498354,24,0.3054488172690777,18,0.297673374433409,21
33,0.2533229119549673,21,0.29065912208668937,19,0.295571368069044,21
34,0.2300139804982902,24,0.3050479318815827,22,0.2825657197438733,21
35,0.2748387542105824,22,0.2632517765107778,22,0.3278587725396977,21
36,0.2683691021938792,21,0.30568558123545986,21,0.27714645749135003,23
37,0.23589391081117106,23,0.2614303124184395,23,0.30933840426703596,18
38,0.2472460656643423,24,0.2597593739952898,21,0.2945404893845171,21
39,0.22438455103087843,24,0.2533774061192991,23,0.27714645749135003,23
40,0.2238255656353009,24,0.30000815664558306,21,0.2735966530110794,23
41,0.2370807133748074,24,0.28357745409249624,22,0.28679953193434504,23
42,0.2238255656353009,24,0.2533774061192991,23,0.2735966530110794,23
43,0.24853312928350468,23,0.24977644186332199,23,0.308166265542553,21
44,0.25088478686898064,22,0.28282300450010145,22,0.3132354767116561,18
45,0.2238255656353009,24,0.24977644186332199,23,0.27359665301107944,23
46,0.24416833267646051,22,0.2637580140430805,22,0.3327814368319482,22
47,0.24416982418244856,24,0.30462754781386037,19,0.2728006543888625,23
48,0.2238255656353009,24,0.24977644186332199,23,0.2728006543888625,23
49,0.2641341986885302,24,0.25390840883082305,23,0.3155237518136937,20
50,0.223825565635301,24,0.2497764418633218,23,0.2728006543888627,23
51,0.25639096256854443,21,0.276721503382532,23,0.295249118376449,23
52,0.22604947786839577,24,0.2607373731746388,22,0.2719932051728722,23
53,0.28169076271239185,23,0.26125091018104984,23,0.3039169545196517,20
54,0.223825565635301,24,0.24977644186332243,23,0.2719932051728722,23
55,0.2825071386026399,22,0.29099383731791684,21,0.28606974058852025,22
56,0.22382556563530137,24,0.28532077653428833,22,0.2719932051728722,23
57,0.2559954162172472,24,0.2637280694093492,21,0.35043212214513964,23
58,0.22642064491218156,24,0.24977644186332223,23,0.27199320517287345,23
59,0.287836163414599,21,0.2975586092793338,19,0.2780794119798553,23
60,0.22382556563530084,24,0.25318734825138545,23,0.2711038743526488,23
61,0.23415757900864972,24,0.2733011913311382,24,0.333996062987927,22
62,0.2264359777997119,24,0.26804520402279824,22,0.33002219893846035,22
63,0.22759149336945686,24,0.276556581414814,23,0.26655995984082026,22
64,0.2231009108214054,23,0.2615502068328555,22,0.2774322856415863,23
65,0.22989192670510974,23,0.30014717231625376,22,0.29597028795078173,19
66,0.22410438889582923,24,0.265276105174334,21,0.2881326951838886,19
67,0.2576049632862329,21,0.27976915578438455,21,0.27512379770624107,25
68,0.22373095558346642,24,0.2655739952232498,22,0.29667298029908096,22
69,0.23270844239586758,24,0.28205822761778676,18,0.2662864926716403,21
70,0.23128758491574336,23,0.2698401419913735,23,0.27157327085072774,21
71,0.21841321457634405,23,0.27741079294692234,21,0.3810401724561933,23
72,0.21070668507328927,23,0.2601313854051466,23,0.2708533172274945,22
73,0.21069239115257113,23,0.25887341304481987,22,0.32633306629436765,22
74,0.2346808104007486,24,0.25454583896526667,22,0.2807146103937999,21
75,0.21817064330793015,23,0.2538874548401083,24,0.2759172145836362,23
76,0.23223568109217818,22,0.25617709018639095,22,0.26082418849991595,23
77,0.21186473673784012,23,0.255572442223576,23,0.2867608009612939,23
78,0.23655745922230562,21,0.2665566623955717,21,0.27480116741216515,23
79,0.21511912041996537,23,0.24917478932730133,23,0.24219727697302745,23
80,0.21965907273637678,23,0.2592911908107377,23,0.24234075330484334,22
81,0.21738545190593023,23,0.251779177796748,23,0.28158691898341365,22
82,0.227283782240306,23,0.2666707990874449,23,0.247614424543794,23
83,0.21759635090023588,23,0.2482426455530017,23,0.2446490107844113,23
84,0.22858530224969215,23,0.254910116069261,23,0.2452539420957677,22
85,0.22274718247913333,23,0.24916979916379187,23,0.23713977171478054,25
86,0.21885586740216206,24,0.2558194783331638,23,0.26234161062072164,24
87,0.21439840144665673,23,0.24485658697085116,23,0.25394360469720023,22
88,0.21421412960272757,23,0.24730839276453154,23,0.23713977171478,25
89,0.20683398164639374,23,0.25039075436528796,23,0.26626558567609954,22
90,0.20766376180455656,23,0.2480617040922089,22,0.28202376385117595,24
91,0.21259576659137533,23,0.24485658697085116,23,0.25239135115303063,23
92,0.23739273920608137,22,0.2565258289376503,23,0.26547580261338666,24
93,0.21414073516999216,23,0.2436783725018178,23,0.2609493852310783,25
94,0.21992339002627595,23,0.243098187331768,23,0.23987817135885178,25
95,0.2122855512626934,23,0.24863092478969315,23,0.30084943470627445,21
96,0.22050515230247267,23,0.2618739669035899,22,0.23713977171478,25
97,0.21044909277023072,23,0.243098187331768,23,0.251456762079943,23
98,0.21640834151752344,22,0.2699040723861043,23,0.23713977171478054,25
99,0.2067463526322728,23,0.243098187331768,23,0.25383615700491485,25
100,0.2316879187041949,24,0.23752549080359434,22,0.23062517942694918,25
101,0.20677438686378474,23,0.245706940668606,22,0.22469865228398492,24
102,0.20990034144941264,23,0.23793062798884326,23,0.22469865228398492,24
103,0.20692740014191657,23,0.24016129438314315,20,0.2562545360895772,22
104,0.21224744388130912,23,0.2300680983288503,23,0.22414025734392384,24
105,0.20638439814394358,23,0.24011961186763373,23,0.2544770757939228,24
106,0.21250178078560894,24,0.2359983916536386,24,0.22414025734392404,24
107,0.21605953298929148,23,0.22902070703478994,24,0.2881656744458398,22
108,0.22045332598345466,22,0.25548258915670563,24,0.25054737349281,24
109,0.20653430050316024,23,0.22919483484409187,24,0.2574021443471214,22
110,0.2171181084554344,23,0.2235129707802217,24,0.2241402573439234,24
111,0.2078111159508075,24,0.2193431516764844,24,0.24516017321766037,23
112,0.21033072990588625,24,0.2244273313656114,23,0.22414025734392362,24
113,0.2063843981439429,23,0.21716967869265616,24,0.2530293619359382,24
114,0.21261623223748052,23,0.23336538725231612,24,0.22414025734392318,24
115,0.20638439814394252,23,0.21491639967660275,24,0.28168803916771806,21
116,0.20910321815607757,24,0.22866751675290997,24,0.22963134460355067,21
117,0.20423948999141103,24,0.22272762128189702,24,0.2591292141774319,22
118,0.21270678895287504,24,0.21374584895038967,24,0.2518388014728259,24
119,0.21215855212450413,23,0.22269670558068672,24,0.22480193485053235,25
120,0.21641982700818485,24,0.21025802044599973,24,0.22953633928009876,24
121,0.2040437550413327,23,0.21699896090039558,24,0.27176724876053726,23
122,0.22146150982291643,23,0.20792614446548555,26,0.23279670459401414,24
123,0.20549169568546305,24,0.2067535479999839,26,0.2802557428330526,21
124,0.2122758454415392,23,0.21917601572032772,24,0.23076756095305095,24
125,0.21011950549407812,23,0.20675354799998366,26,0.22977258624940955,24
126,0.2040544640761516,23,0.20947591212116815,25,0.22888960800196667,24
127,0.20743749494447056,24,0.20675354799998363,26,0.2495097920335447,23
128,0.2087983116806502,24,0.21637941333587463,24,0.2305228998412694,23
129,0.20320745946057764,23,0.20675354799998363,26,0.23224832866815923,24
130,0.20387984407757312,24,0.21440715707058727,22,0.22197356398819382,24
131,0.20888197535136002,24,0.20999842507567484,24,0.27803838856172913,24
132,0.20201277942700663,23,0.2212235735818585,23,0.2326242647393968,24
133,0.20759660625026968,24,0.21232582949400983,26,0.23115023463755396,24
134,0.20285025673070461,23,0.21541875341128128,25,0.22333442079524127,24
135,0.20399416842692877,23,0.20468409880104207,26,0.2394230326480008,24
136,0.20028913791899308,23,0.2128605458773439,25,0.2252731585003821,24
137,0.20302656195962124,23,0.2030772882199305,24,0.24559875641578052,24
138,0.20047256029390062,23,0.21551570224185945,26,0.21985553665746832,24
139,0.20325344960669287,24,0.19923228172945046,24,0.23317046238753322,24
140,0.19980840513060852,23,0.21117329780813865,24,0.21930301419088566,24
141,0.20091027594159327,23,0.19480704084153375,26,0.24793297339591353,24
142,0.20097132147933375,23,0.19774963637044313,26,0.22865680885504808,24
143,0.20543666623591222,23,0.19480704084153375,26,0.23587969053087482,23
144,0.1991521479118,23,0.19603637463241044,26,0.22246726386751442,24
145,0.20072631902344723,23,0.19462670804863896,26,0.2147834113507554,24
146,0.1999624064218367,24,0.2024122145907882,26,0.2208919351525784,24
147,0.20229283415914096,24,0.19240387272862294,26,0.2232660847392329,24
148,0.20001329864002776,24,0.2030592739005343,25,0.2338741559839525,24
149,0.2015198903814779,23,0.19240387272862294,26,0.21474268378598793,24
150,0.2022434392963234,24,0.1925704624924715,24,0.23244599005468353,24
151,0.20210959429815734,24,0.19393058232346555,25,0.2189500594025865,24
152,0.20152702261933741,23,0.19868443401472122,24,0.22556403060532434,24
153,0.2030657924862966,23,0.19757360412984445,26,0.21712595269359783,24
154,0.19710401171581687,24,0.19627436752506594,26,0.23367495808212838,21
155,0.19975817345930397,24,0.19355659434855352,24,0.21932075467819806,24
156,0.19798138897224862,24,0.23276179679813827,26,0.22157795641270642,24
157,0.1953216554603412,25,0.19177321680925707,26,0.21869061285453945,24
158,0.1949199709262543,25,0.19960116076413156,26,0.21675818450078443,24
159,0.1975179433054828,25,0.1901954726109303,26,0.21215667189378518,24
160,0.1947717647024201,25,0.19765263996603796,23,0.2227603438782097,24
161,0.1975050625369338,25,0.19235930454323022,26,0.21398343475367124,24
162,0.19471564464727098,25,0.20321212449792675,25,0.21106971864638002,24
163,0.19595637284917805,25,0.19498937645352685,26,0.21084487259726648,24
164,0.19740585601280705,25,0.20945557651974797,23,0.2293500737749033,24
165,0.1978913014457321,25,0.19275545147289425,26,0.210090204210761,24
166,0.1947116192616989,25,0.20602129645987238,24,0.22555515924731204,24
167,0.19664329011297696,25,0.19059570710157359,26,0.2127254785970476,24
168,0.19489647245831934,25,0.20792992311541153,24,0.21607401604322887,24
169,0.1945888826576034,25,0.19241532226488461,26,0.2061593540613657,24
170,0.19521625158446723,25,0.2134473271880281,23,0.22977785789589056,24
171,0.20026833575626504,25,0.19470932548817535,25,0.2061593540613657,24
172,0.19458888265760335,25,0.2028338987184577,25,0.2125692484842366,25
173,0.19673861993949018,25,0.1950116826828831,25,0.21289264538229238,24
174,0.1967132758487786,25,0.1893266028405873,25,0.2280045245135129,24
175,0.20032316506149617,25,0.19434076923539884,25,0.20378652109050469,24
176,0.19451210237171984,25,0.19498225484506632,25,0.20938981488437966,24
177,0.2018584939691777,25,0.19035243414243408,24,0.20378652109050444,24
178,0.19487312715849353,25,0.20016319739511731,24,0.20519557685464188,24
179,0.19687383248742807,25,0.1888743269622742,24,0.2031656850727848,24
180,0.1953767947054904,25,0.18927135636283074,24,0.2125885541288179,24
181,0.19800150249616127,24,0.1898936146823041,25,0.20213289014643107,24
182,0.19857460465350874,25,0.1879282989685746,25,0.2094151903194103,24
183,0.19306760280774804,25,0.1936512115559035,25,0.20418762738305124,24
184,0.19344215965559852,24,0.18792829896857446,25,0.20790225902820222,25
185,0.19561206530694605,25,0.1934005833130654,26,0.20721640050140303,25
186,0.19537848619518502,25,0.1892064989244481,25,0.22396539121427553,22
187,0.197849333767491,25,0.1897003288811323,25,0.20168389315629615,24
188,0.19566937117463898,24,0.18792000021172006,25,0.19810114956835814,25
189,0.1944871960879676,24,0.19469999083998543,25,0.19719700448093436,25
190,0.19266580794117877,25,0.18726087582914325,25,0.2041651201724484,25
191,0.1958828492798988,24,0.1920843004754127,25,0.1969799331252495,25
192,0.19331979056338444,25,0.18989583161696222,25,0.20749755600253658,25
193,0.19430639504845504,24,0.1913996049733627,24,0.1984345703264634,24
194,0.19259308744851283,25,0.18699135483523197,25,0.21020254493911034,25
195,0.19561507076463944,25,0.1899892811081894,24,0.19643139529559922,25
196,0.19251350452245986,25,0.1869016066961178,25,0.2096204766772831,25
197,0.19543003319342672,25,0.18722938934695635,26,0.2048233177820894,25
198,0.19304333397937454,25,0.18636776736878705,25,0.21049766636398387,25
199,0.19499739210439948,24,0.1864659696552061,26,0.20357289734135808,24
200,0.19494776898344357,25,0.18759835666719074,25,0.2088466470057973,25
201,0.19632303907115284,25,0.18658373140444018,26,0.2014992228580443,25
202,0.19153499382761974,25,0.18636776736878705,25,0.22046622067407062,25
203,0.19562336073888417,25,0.18894499349280777,25,0.19711038795731645,25
204,0.19216646191600398,24,0.18869193891818523,26,0.20608854024805234,24
205,0.19558355195929206,24,0.19093712253193673,25,0.20071329509065874,25
206,0.19306246993300713,24,0.18747639874919278,26,0.20276965091771157,25
207,0.1955257180238975,24,0.18805526206305784,25,0.19519599307481547,25
208,0.19115123050219252,25,0.1854359383194048,25,0.19700298670540792,24
209,0.19313829861560391,25,0.1883909266672845,25,0.20199271655304102,25
210,0.19182320223875113,25,0.18613090488491843,25,0.20699658617777497,25
211,0.19256203297719482,25,0.187656853797282,25,0.19615488052650534,25
212,0.1914679885118852,25,0.18768820253887028,26,0.2052296459578861,24
213,0.1935132551214873,25,0.19318399985724038,25,0.19465139331074527,25
214,0.19208621874132614,25,0.18470811909619256,25,0.21233121120522844,25
215,0.19619817544740195,25,0.1850831568369682,26,0.19798057275292055,25
216,0.19048405363208284,25,0.18627010723161933,25,0.21181914518716907,24
217,0.19520193816692816,25,0.1912503997273681,25,0.2005100610871957,24
218,0.19066124218666713,25,0.18361436526367278,25,0.19795621053051818,24
219,0.19735287397385226,25,0.18830395998363478,25,0.19522135885252415,25
220,0.1907966729072309,25,0.1837723438212281,25,0.21625220490543637,24
221,0.19142472636512647,25,0.1848998030532386,26,0.1967325488450181,24
222,0.19114097768911137,25,0.18377117469505666,25,0.20746650924788954,25
223,0.19458234614054953,25,0.18761335407434204,25,0.1998738804205455,24
224,0.19111859926154479,25,0.1848759080691566,25,0.20972514114543522,25
225,0.19058897641222775,25,0.1834611003875236,25,0.19854810667536263,25
226,0.19159442537738045,25,0.1857324330809691,26,0.20946524245855583,25
227,0.1937399784868185,25,0.18430078365061292,25,0.20131526397926403,25
228,0.1923493662322379,25,0.18359820927343024,25,0.19479238058700155,24
229,0.19046474288304774,25,0.18695788723020199,25,0.19760871936877086,24
230,0.19027790762834723,25,0.18582687747593138,25,0.1954740197224953,24
231,0.19035309896121086,25,0.18199365439998835,26,0.19824576660130358,24
232,0.19082594482117435,25,0.18272208937419077,26,0.19465139331074527,25
233,0.19006648724591668,25,0.18336369702217958,26,0.1942587255365693,25
234,0.190558650661292,25,0.18268090720946253,26,0.1942587255365691,25
235,0.19006648724591682,25,0.18545843395812778,26,0.19609679637376434,25
236,0.19091633765605015,25,0.180280514138008,26,0.1950145452414399,25
237,0.19041016610573508,25,0.18547239233016893,25,0.19881057464212007,25
238,0.19191377914991778,25,0.18072770206097408,26,0.19458840108372805,25
239,0.19047778385043435,25,0.18266677336807277,26,0.19776308202403328,25
240,0.1904097942671273,25,0.18028051413800775,26,0.19519140476154442,25
241,0.19047384959535074,25,0.17904813868301192,25,0.19309854134293247,25
242,0.19059820171878983,25,0.17872990015409662,25,0.1957680105479411,25
243,0.19006472684672893,25,0.18508806019151092,25,0.1955914819305267,25
244,0.19070657049121648,25,0.1802772773920818,25,0.1935836645726041,25
245,0.19040136816363887,25,0.1820186333447362,26,0.1997412580706251,25
246,0.19190014615313214,25,0.17871342861682166,26,0.19455202796602533,25
247,0.19037707868215453,25,0.17915696130853437,26,0.19574768738359502,25
248,0.19178129042576847,25,0.17973173445867718,26,0.19380101953041076,25
249,0.1903467643699181,25,0.17949986701293805,26,0.19525466989127216,25
250,0.19073649812302665,25,0.1803571229056183,26,0.1959258222446811,25
251,0.19068557440166584,25,0.18603043309918185,25,0.1927741893851346,25
252,0.19073512478841328,25,0.17938670017973576,26,0.1932543113866761,25
253,0.19035482471802617,25,0.18148327896153355,26,0.19725819039016326,24
254,0.1909330592838984,25,0.1791560207223457,26,0.19412228825269084,25
255,0.1898780078649803,25,0.18125318064701706,26,0.19505890040638862,25
256,0.19027110906063435,25,0.17929686533884057,26,0.1978831003751418,25
257,0.18979954531005863,25,0.18356634548911005,25,0.1918947281502033,25
258,0.19160866544061142,25,0.18070258902691594,26,0.19203410273381882,25
259,0.19011938849743606,25,0.18166697765564135,26,0.1932207309639452,25
260,0.19024867332116055,25,0.1803107562890447,26,0.19279421491407575,25
261,0.18990596525237852,25,0.17934072514389188,26,0.19608748761686312,25
262,0.19022225062030998,25,0.17871342861682166,26,0.1930584431893644,25
263,0.19010660259241574,25,0.18004976082217355,26,0.19585329623604947,25
264,0.19041907020201795,25,0.17847263585376422,26,0.19216920358862719,25
265,0.19005686585452536,25,0.18256384712379134,26,0.1964900784184279,25
266,0.19033268146366467,25,0.1782971686236155,26,0.1922491851108136,25
267,0.18994457645588655,25,0.18171008058252813,26,0.19604298669241343,25
268,0.19014378803577936,25,0.1779538086236675,26,0.1925503863931445,25
269,0.18988102845535298,25,0.17993139537031988,26,0.1965468202817948,25
270,0.19098537924492057,25,0.17826810626267797,26,0.19142084880510812,25
271,0.1899518476039636,25,0.1823082472697602,25,0.2015274042839637,25
272,0.19100562398347717,25,0.17887795608116996,26,0.1913405841703921,25
273,0.1899731184302554,25,0.1814843126693825,26,0.19217470314679871,25
274,0.190118473136269,25,0.17851968806323393,26,0.19102372925086103,25
275,0.190531575758909,25,0.18314700080070467,26,0.19225848273701895,24
276,0.1898476049453829,25,0.17860326902210572,26,0.19067397842294298,25
277,0.19014059277795037,25,0.1803089925639357,26,0.19495949655166545,24
278,0.1898851086895194,25,0.17943593582075618,26,0.19071394566850403,25
279,0.18983990756652183,25,0.18085242700628193,26,0.1908253369471783,25
280,0.18978170819300552,25,0.1772282238437574,26,0.19127204672697057,25
281,0.1899476750959902,25,0.17886860162793305,26,0.19295911061537888,25
282,0.18980631341457582,25,0.17761112872953722,26,0.19067397842294298,25
283,0.19014504238560295,25,0.17653419298462586,26,0.192499950938798,25
284,0.18980282529017464,25,0.17800223435275744,26,0.1907667319043991,25
285,0.18990970297024395,25,0.17670898354442272,26,0.19156078376760866,25
286,0.1898952201773731,25,0.17522275277084118,26,0.19213575807395705,25
287,0.1899234885602677,25,0.17622034669125308,26,0.19168014347511841,25
288,0.18976013820567664,25,0.17619224842733108,26,0.1903341076175324,25
289,0.1900585042839161,25,0.17563189952353903,26,0.19368708756388126,25
290,0.18990679970740323,25,0.17546190363989453,26,0.18948989876152844,25
291,0.18997728091838836,25,0.17525856440632556,26,0.19386900865752987,25
292,0.18970243813866666,25,0.17521582064710092,26,0.18973173980476205,25
293,0.18987496443975352,25,0.17521582064710103,26,0.1922698224715376,25
294,0.18973465908186452,25,0.17775838047394596,26,0.1894898987615279,25
295,0.18975282852627254,25,0.17490019258221173,26,0.1896251825264916,25
296,0.18974032903128749,25,0.17452834090540642,26,0.19036425722724748,25
297,0.18984333914303825,25,0.1748289379954912,26,0.19115461776823486,25
298,0.1896499776316708,25,0.17505407879313603,26,0.191963729521332,25
299,0.18968657024396482,25,0.1747445728540126,26,0.19139977470445735,25
300,0.1896595853468297,25,0.17507228073665207,26,0.19048135262282553,25
301,0.18989147099416132,25,0.17439525107281117,26,0.19295035341026565,25
302,0.18975871073497885,25,0.1758280612561151,26,0.191963152090369,25
303,0.18984548549706826,25,0.17435068619328228,26,0.18948271865196137,25
304,0.18959197149094537,25,0.17524019511918001,26,0.18907796450893072,25
305,0.18972618978754366,25,0.17436193453202165,26,0.18938103999732994,25
306,0.18959545707760028,25,0.17438367750482833,26,0.1891336624260314,25
307,0.18971161048892937,25,0.1742399492221913,26,0.1893455611365016,25
308,0.18980511178152223,25,0.17528702922585868,26,0.1891684461581784,25
309,0.18944198467568232,25,0.17512280666049376,26,0.1892041687628804,25
310,0.1895438797615993,25,0.17470919003872326,26,0.19096918832407514,25
311,0.1895233466100643,25,0.1745983320977742,26,0.1899803439539401,25
312,0.18932299608849,25,0.17437956514451336,26,0.18913712189287954,25
313,0.18953745823003654,25,0.17424073468961152,26,0.18877271939824058,25
314,0.1893811377083908,25,0.17505323261163563,26,0.18853724624874524,25
315,0.1892947227196841,25,0.17389907555500014,26,0.18865996892288478,25
316,0.18941599476662507,25,0.17500822130254995,26,0.18928442456140418,25
317,0.18963496507573946,25,0.17410352948681435,26,0.18847281739505317,25
318,0.18928464147324614,25,0.1750403092591636,26,0.18914183469290102,25
319,0.18985734771393745,25,0.174309430610893,26,0.188650666533426,25
320,0.1893759471610975,25,0.17468330786394304,26,0.18916551325940184,25
321,0.1896720267075337,25,0.17379290784155058,26,0.18873174485410804,25
322,0.18933428425773424,25,0.17383079832988377,26,0.18894404284849242,25
323,0.189384931222873,25,0.17392521215701479,26,0.18860395344436628,25
324,0.18935414564310662,25,0.1744697681925628,26,0.19050925684829756,25
325,0.18954738866016985,25,0.173890412834411,26,0.1885529858413107,25
326,0.18937782424775537,25,0.17473829410681868,26,0.18893284759745077,25
327,0.18910184257093712,25,0.17414361527777206,26,0.18816019052108987,25
328,0.1892528412320474,25,0.17424769941054474,26,0.1887123314651179,25
329,0.18921361676186566,25,0.1737385890459368,26,0.18817445818206996,25
330,0.18920773589428275,25,0.17394506025308756,26,0.18922857135704574,25
331,0.1892288073153458,25,0.17334347834237096,26,0.18831908227127878,25
332,0.1892117143173662,25,0.17380878591480334,26,0.18895951586648244,25
333,0.18916981710731495,25,0.1734705013263056,26,0.1882206458477713,25
334,0.18923711094318688,25,0.17420020572253753,26,0.18881208623298232,25
335,0.18931815993092685,25,0.1735573591410186,26,0.18822994388843434,25
336,0.18906586818055848,25,0.1743041804816824,26,0.18871615143133832,25
337,0.18922723659079888,25,0.17369208738670955,26,0.1886604189574274,25
338,0.1891411743685646,25,0.17487437175336665,26,0.18936960908194544,25
339,0.18926276650058618,25,0.17366716466969861,26,0.18841151942143694,25
340,0.1889716511154308,25,0.17363956337826925,26,0.18840864638681876,25
341,0.18901755954032742,25,0.1734534459849609,26,0.18851375301313436,25
342,0.18892975102726461,25,0.1741426213281119,26,0.18850987506811617,25
343,0.1887586807450491,25,0.173417465249107,26,0.1882920028115556,25
344,0.1887770508030851,25,0.17317898816890243,26,0.18913263903810398,25
345,0.1888173953439421,25,0.17334292401958967,26,0.18855897957404635,25
346,0.1886960426711672,25,0.17316341102254634,26,0.18870402275070877,25
347,0.1892238479354193,25,0.17330759892594252,26,0.1885847178384838,25
348,0.18885237578819578,25,0.1732649406021751,26,0.18894627459051982,25
349,0.18898170175081586,25,0.17327824772170033,26,0.18851028122014277,25
350,0.18875338476554784,25,0.1732244080599881,26,0.18896601892025755,25
351,0.1887678143102686,25,0.1731346813351696,26,0.18840587450371235,25
352,0.18870069778429252,25,0.1732521507882857,26,0.18816019052108973,25
353,0.1887705840955173,25,0.1732076768746778,26,0.18816281074547112,25
354,0.18866176205596152,25,0.17338769633635384,26,0.1881108881812209,25
355,0.1887984022633579,25,0.1733568758413184,26,0.18831941730584378,25
356,0.18870032861341318,25,0.173186966663084,26,0.18816703075975283,25
357,0.18876776494718495,25,0.1730082765483534,26,0.18842470515936363,25
358,0.18885332993009196,25,0.17296460735395536,26,0.18808343623347437,25
359,0.18942277351439457,25,0.17289763422680662,26,0.18817038487388468,25
360,0.18873291558444338,25,0.17306003454547966,26,0.18817814097491362,25
361,0.188823426742836,25,0.17319221358964101,26,0.18849720117833682,25
362,0.18870078906725257,25,0.17297795298711363,26,0.1881053406743658,25
363,0.1886704568992169,25,0.17313436204235721,26,0.18815883587512564,25
364,0.18864197826817297,25,0.17295859169678818,26,0.18809965685748822,25
365,0.18879659513197208,25,0.17308203142092277,26,0.18821086145869084,25
366,0.18859669637167148,25,0.17288582839758235,26,0.18809506964595576,25
367,0.18882873927202237,25,0.17329078965519376,26,0.18869183584727467,25
368,0.1885928755583097,25,0.17298307471994961,26,0.18816662354488595,25
369,0.18870143263713318,25,0.1731893701501856,26,0.18809948618753533,25
370,0.18858094573686418,25,0.17289938901960794,26,0.18811022483484927,25
371,0.18870857904885568,25,0.17296981093258607,26,0.18797406676017422,25
372,0.18858337869652017,25,0.1729621575433534,26,0.1881226561350594,25
373,0.18875964638852089,25,0.17319887178023718,26,0.1878849679835918,25
374,0.1885802127691853,25,0.17299212776995962,26,0.18793273922666612,25
375,0.18881008328267243,25,0.17301979211669882,26,0.18792985765183184,25
376,0.1885585079897304,25,0.17305023795424349,26,0.18784703735919597,25
377,0.18881075014833335,25,0.1729616595870692,26,0.1882232247143514,25
378,0.18854832927899368,25,0.17304707413544274,26,0.18777634870290433,25
379,0.18869603403391347,25,0.1723318276946943,26,0.18824199442064926,25
380,0.1884956365151458,25,0.17224766752661635,26,0.18785248705540103,25
381,0.1885089696329725,25,0.17222720522719273,26,0.18845461405365682,25
382,0.1885979337939041,25,0.1725514613339397,26,0.18775822324794714,25
383,0.18862696535580456,25,0.17228441065855365,26,0.1878828305686656,25
384,0.18854859916497677,25,0.17235951666701915,26,0.1878301695872406,25
385,0.18885987724876768,25,0.17231092937159853,26,0.18772382277547076,25
386,0.1886221379777142,25,0.17272062704253546,26,0.1878155197324055,25
387,0.1884605350885216,25,0.1724119553668761,26,0.1880065182966186,25
388,0.1885019889945956,25,0.17270345996095016,26,0.18783686155921944,25
389,0.18862844795113598,25,0.1723238436022532,26,0.187838955691991,25
390,0.18843272617319112,25,0.17232350382034864,26,0.18784606428713338,25
391,0.18887303432547622,25,0.17235932327130973,26,0.18800612094147634,25
392,0.18849964450320192,25,0.17213287108927952,26,0.1877323794199138,25
393,0.18871623413702873,25,0.17219108357581792,26,0.18786423514219097,25
394,0.1884346835560184,25,0.17229616058573152,26,0.18781029197836108,25
395,0.18861242905484593,25,0.17228166392817051,26,0.18766606393881413,25
396,0.18848029363855412,25,0.1720893813806295,26,0.1876381956521454,25
397,0.18881206363692923,25,0.17207626452541055,26,0.18770627131727152,25
398,0.18841696169306554,25,0.17276303133684606,26,0.18775059706917846,25
399,0.1885585026691416,25,0.17217156722238908,26,0.187690388638384,25
400,0.18843097650102653,25,0.17207687237547437,26,0.18767776835600455,25
401,0.1886564035976493,25,0.17214830673855122,26,0.18786337109030138,25
402,0.1884307624306483,25,0.17200756829894503,26,0.18765832398517326,25
403,0.18856002987241854,25,0.17212167347953064,26,0.18777115352623422,25
404,0.1884983364399362,25,0.17213234302889927,26,0.18764103271794436,25
405,0.18853068036430512,25,0.17212142962775093,26,0.18783917316266477,25
406,0.18839657941717236,25,0.17211222388700695,26,0.18770190649895097,25
407,0.18885427108977662,25,0.17200093616083564,26,0.188049590616636,25
408,0.18842693848039158,25,0.1722921878728158,26,0.18767604791139236,25
409,0.18856232961826697,25,0.17210400661495803,26,0.18765284975296442,25
410,0.1885404030459014,25,0.17175787620533295,26,0.18763819565214546,25
411,0.18841195774811226,25,0.1718757070510501,26,0.18778191188944093,25
412,0.18842161403424879,25,0.1719666376993618,26,0.18771232954476427,25
413,0.18842713187039536,25,0.17176337643260794,26,0.1878928245320106,25
414,0.18848614863514104,25,0.17188251929267426,26,0.18767181695884222,25
415,0.18841061718438845,25,0.17171006213065557,26,0.18782923288921016,25
416,0.18839029006731414,25,0.171776783918654,26,0.1876999573837762,25
417,0.1883934071262899,25,0.17179749370758626,26,0.18778139775743952,25
418,0.18842317500776115,25,0.17189399454096516,26,0.18762787346925738,25
419,0.18840929165545162,25,0.17171156600284118,26,0.18768400142778008,25
420,0.18843175566836692,25,0.17173059741198338,26,0.18768657564567948,25
421,0.18839981486081395,25,0.1716696822987477,26,0.18827101448290084,25
422,0.18838645073405247,25,0.17179997652923684,26,0.18772986859487842,25
423,0.1884118863374112,25,0.1716175670479734,26,0.187788384961374,25
424,0.18843306469246499,25,0.17171440282805125,26,0.18771912715608516,25
425,0.1883761500867637,25,0.1716491856290591,26,0.18782575661932338,25
426,0.1883449833198653,25,0.17184557837886424,26,0.1877256355650078,25
427,0.18834396900826356,25,0.17163982840057776,26,0.18760755152876,25
428,0.18843642580777994,25,0.17221309421663747,26,0.1876109725425589,25
429,0.18834252278448874,25,0.17178968783555515,26,0.18766630099868242,25
430,0.1883275724119067,25,0.1715486393025245,26,0.1876721336685537,25
431,0.18831350437149905,25,0.17157520676176435,26,0.18761678122995953,25
432,0.18827442501432645,25,0.171614408450635,26,0.18762059162484243,25
433,0.18829950910039078,25,0.17151918052093929,26,0.18760847937446604,25
434,0.1883019094311306,25,0.17154146442913498,26,0.18760808898578177,25
435,0.1882668334069523,25,0.17172802892190803,26,0.1876264672519965,25
436,0.18833507770521785,25,0.17185541446910454,26,0.18763178423697677,25
437,0.1882518228355713,25,0.17153818659162437,26,0.18760728703741592,25
438,0.1882871225524874,25,0.17160294357305184,26,0.18762480435459153,25
439,0.18823989716142642,25,0.17160990020608266,26,0.18764028844160438,25
440,0.18837296019448901,25,0.17161505179207032,26,0.18760855575648572,25
441,0.1882734751689263,25,0.17149574301133091,26,0.18764612944650946,25
442,0.18821890047246828,25,0.17166734079972354,26,0.18761517000099118,25
443,0.18824612370398383,25,0.17149917609177454,26,0.18767482164191573,25
444,0.18830531996556515,25,0.1718813747038894,26,0.18761310693974104,25
445,0.1882177047348413,25,0.17151666525356368,26,0.18760159818437827,25
446,0.18823992596357297,25,0.17150096650049895,26,0.18765594521348503,25
447,0.1882002567305314,25,0.17149277226579707,26,0.18767626003950186,25
448,0.1881820320498516,25,0.1718392534763097,26,0.1876667988527234,25
449,0.18820282445917394,25,0.17159030326389493,26,0.18765592406368278,25
450,0.18817606964057051,25,0.17157393675477006,26,0.18763538685932368,25
451,0.1881680681369449,25,0.17153970348449274,26,0.1876486992307663,25
452,0.18824676699733722,25,0.17170161654811633,26,0.18762929651067428,25
453,0.18815190117118755,25,0.17150306788761885,26,0.18765593632612584,25
454,0.18821121336983146,25,0.17164691743665364,26,0.18762680476105162,25
455,0.1881521165877971,25,0.17155166683570205,26,0.1875847337179871,25
456,0.1881677764699021,25,0.17155079270151313,26,0.18762979332612478,25
457,0.18817345087074003,25,0.17149855061414943,26,0.18767170605443506,25
458,0.18819217669997212,25,0.17179295833749686,26,0.1875854823030373,25
459,0.188133101162674,25,0.17161791673029028,26,0.18767159869937278,25
460,0.18817168943301152,25,0.17175474700907845,26,0.18758899058679027,25
461,0.18813237154202048,25,0.17160176876517982,26,0.18756834742623543,25
462,0.18812122271926243,25,0.17165893058949325,26,0.1875410980084904,25
463,0.18813541414698137,25,0.17171620894234382,26,0.18761391722845075,25
464,0.188137954071797,25,0.17176375682562128,26,0.18752253276084985,25
465,0.18812223912746784,25,0.1715381229704491,26,0.18754428811360166,25
466,0.18812885194295423,25,0.17148709287805547,26,0.18751667127093427,25
467,0.18813075507594948,25,0.17143553450279753,26,0.18751613935029876,25
468,0.1881488084723738,25,0.17143293698386713,26,0.18751316686551608,25
469,0.18813761186870012,25,0.1713993934886211,26,0.18756822254384384,25
470,0.18818364986808428,25,0.17142378855641882,26,0.18753668439748145,25
471,0.1881307675220275,25,0.17139835642717033,26,0.18754232636804727,25
472,0.18824074032047095,25,0.1713862573405276,26,0.18751173098286172,25
473,0.18811319123604084,25,0.17153761047455787,26,0.18765077783546613,25
474,0.18813456596055445,25,0.17141545830810662,26,0.18751874424199094,25
475,0.188093699701271,25,0.17141746377541509,26,0.1876145102952322,25
476,0.18815881349642471,25,0.17138535825408252,26,0.18753513679060835,25
477,0.18811656499613003,25,0.17142562404833397,26,0.18751790983913802,25
478,0.18821355492312464,25,0.17138933476264898,26,0.1875125820584859,25
479,0.18808334791940207,25,0.17157361181374747,26,0.18752188871876044,25
480,0.1881397144235653,25,0.17134800770163044,26,0.18751846982777542,25
481,0.1881328457637608,25,0.17128976097321955,26,0.18758441846329468,25
482,0.1881901166062958,25,0.17135424190744747,26,0.1875205970917056,25
483,0.18810830516100643,25,0.17130882050182422,26,0.18754736528636132,25
484,0.18815308075196854,25,0.17129122414779901,26,0.18751406127841205,25
485,0.1881315797949531,25,0.17116903498383818,26,0.1875735480666259,25
486,0.18809861705836028,25,0.1711874454406781,26,0.18752348126766694,25
487,0.18810415883674755,25,0.17126147846672066,26,0.1876019433805725,25
488,0.18808111674662098,25,0.17120842684860835,26,0.18750643477657036,25
489,0.1880901647036071,25,0.1711985331424319,26,0.18751416113516226,25
490,0.18811376824751638,25,0.17115823794271698,26,0.1875083596947766,25
491,0.18810980699313873,25,0.17115786866303564,26,0.18754645418044705,25
492,0.18818966696405853,25,0.1712302982742116,26,0.18752138913660954,25
493,0.1880877395660399,25,0.1711613255020004,26,0.1875415684339512,25
494,0.18808062577257445,25,0.17118296264463642,26,0.1875314775302472,25
495,0.18807933844585048,25,0.17116127806667308,26,0.1874997773753212,25
496,0.18814292130539334,25,0.17114824214269372,26,0.18751634999176509,25
497,0.18813209548563392,25,0.1712249167097196,26,0.18759302792360777,25
498,0.18808506468267017,25,0.17112231838829947,26,0.18749666752429503,25
499,0.18805222076697786,25,0.17111241002810354,26,0.18753733834219083,25
500,0.18808279405166786,25,0.1711547763605213,26,0.18750515432329617,25
501,0.18808278177505225,25,0.17117271474930087,26,0.18760372450033191,25
502,0.188089726634556,25,0.1711578892196611,26,0.18750591889997584,25
503,0.18810041190863533,25,0.1712085218779578,26,0.18752076852818106,25
504,0.18807678983003714,25,0.17112196111014913,26,0.18748638495482242,25
505,0.18807927396193047,25,0.17111663142156872,26,0.1875900958659618,25
506,0.18817559483706153,25,0.17109944448612352,26,0.18749729387227984,25
507,0.18806232328085967,25,0.17111229190575483,26,0.18752039149820704,25
508,0.18807329062103842,25,0.1710999039813561,26,0.1875199328339958,25
509,0.18806550142794962,25,0.17107320050440528,26,0.18756266544601163,25
510,0.1879956984227629,25,0.17107338781836687,26,0.18750362552525604,25
511,0.18799437474519468,25,0.1711143143690308,26,0.18748508002151668,25
512,0.18801589853253672,25,0.17107570293366825,26,0.18749203335676273,25
513,0.1879955488728939,25,0.17102938276301163,26,0.18756110113801033,25
514,0.18801504643701175,25,0.1710417050126801,26,0.1874962147465815,25
515,0.18802366881096924,25,0.17111781587306074,26,0.18757808194482264,25
516,0.1879879186973192,25,0.17104042941089098,26,0.18752121718155873,25
517,0.18799717677696,25,0.17103645580704674,26,0.18750148478382758,25
518,0.1880345836388177,25,0.17106857802988906,26,0.18746881480113112,25
519,0.18798859168516108,25,0.17102704648992945,26,0.1875108794907606,25
520,0.18806462409909583,25,0.1710401255198509,26,0.18747597490740678,25
521,0.18800105022741312,25,0.17094898841765785,26,0.18758406425733132,25
522,0.188036937122104,25,0.17097464750395086,26,0.18745942880381355,25
523,0.18797382968290471,25,0.17099570162911137,26,0.18750569892734997,25
524,0.18802692855494915,25,0.1709719666645259,26,0.1874842288886154,25
525,0.1879666420751228,25,0.1709187194194026,26,0.18746302846482654,25
526,0.18794931405431675,25,0.17091582551974158,26,0.1874698896431459,25
527,0.1879395360124001,25,0.1709311255212172,26,0.1874700059067052,25
528,0.18797603198595322,25,0.1709152628356388,26,0.18748318175238685,25
529,0.18795907052907687,25,0.17095401227898638,26,0.1874806694008136,25
530,0.18795658260775985,25,0.17095260646984417,26,0.18747204868745998,25
531,0.1879691905424587,25,0.17094393668931285,26,0.18748269239251852,25
532,0.1880642983127442,25,0.170924265474473,26,0.18748593915194645,25
533,0.18798038101213616,25,0.17096909089256934,26,0.18745874457563236,25
534,0.18801094277943203,25,0.17096883390683892,26,0.18747265550919945,25
535,0.1879260491834634,25,0.17092798323163974,26,0.18745960734230366,25
536,0.18796426982540385,25,0.17094037577915625,26,0.18743581656950742,25
537,0.1879291041589823,25,0.1708858078728757,26,0.18744882779841127,25
538,0.18795417629207473,25,0.1708998273967048,26,0.18745004477583962,25
539,0.18793275561417006,25,0.1709134393981387,26,0.18744535498810214,25
540,0.18792874389997233,25,0.17090189791151816,26,0.18745951350728954,25
541,0.18792805014391123,25,0.1709219720368061,26,0.1874414138764959,25
542,0.1879388978823259,25,0.1709417171734335,26,0.18744325895938407,25
543,0.18791171867824089,25,0.17089389575844946,26,0.18743456189989874,25
544,0.18796202143784946,25,0.17090174972298378,26,0.18746046834948255,25
545,0.18791392132133325,25,0.1708604236437242,26,0.18743719313338916,25
546,0.18795193831072138,25,0.17086952413701773,26,0.18743503595085131,25
547,0.18790695080040784,25,0.17087737562945643,26,0.18743517434294255,25
548,0.18793037050982173,25,0.17095460282935435,26,0.1874274615187629,25
549,0.1879114413912113,25,0.1708529083618533,26,0.18743901582868597,25
550,0.18795384459031786,25,0.17085712152217583,26,0.1874105981693476,25
551,0.18791208759347958,25,0.17084117166811602,26,0.1874141008513002,25
552,0.18793826046627832,25,0.17083355962707644,26,0.18738527744945985,25
553,0.18791116476549577,25,0.17079615563273484,26,0.18739751316084266,25
554,0.18796037901775872,25,0.1708326020168304,26,0.187390281178387,25
555,0.1879125045633853,25,0.1707749839051904,26,0.18739957000996793,25
556,0.18797185990143153,25,0.17076794686020633,26,0.18738429295322145,25
557,0.18790838315039043,25,0.17086866682309743,26,0.18739346366625906,25
558,0.18793908917684662,25,0.1707816301958238,26,0.1873874878927441,25
559,0.18792479853087785,25,0.17078579342770464,26,0.1873879631899092,25
560,0.18794151595459907,25,0.17076586909348268,26,0.18739328367381441,25
561,0.18790622237886845,25,0.1708275245472486,26,0.18738598653554042,25
562,0.18797734520505327,25,0.17076152595078964,26,0.1873801121309983,25
563,0.18792274767713185,25,0.17086489338469055,26,0.18737665429559636,25
564,0.18793098020980892,25,0.17079160499646218,26,0.1873754009343289,25
565,0.18793645951765464,25,0.17078043604590412,26,0.18738706196582486,25
566,0.18791011708787722,25,0.1707716612748807,26,0.18737773645941905,25
567,0.18791552476962461,25,0.17076288484592997,26,0.1873620232332268,25
568,0.18791118548711455,25,0.17071224920954578,26,0.18736738710917622,25
569,0.18794247931451666,25,0.17074616668950357,26,0.18736203717092306,25
570,0.18792889146950303,25,0.17074137068850626,26,0.18736895673359388,25
571,0.18790606975670135,25,0.17078038453343689,26,0.1873701394067146,25
572,0.1879097189086499,25,0.1707188254265209,26,0.18735761382754243,25
573,0.1879159750134035,25,0.17073721583881402,26,0.18735051337227332,25
574,0.18791276026719356,25,0.17072492217316945,26,0.18735395104037034,25
575,0.18791958262816763,25,0.17072853260935192,26,0.18736864694005045,25
576,0.1879148380500933,25,0.1707286635063261,26,0.187358044198086,25
577,0.18789337068354522,25,0.17072194682587105,26,0.18735313370343634,25
578,0.1878945474956552,25,0.17071472030342194,26,0.18734923734389364,25
579,0.187905726970078,25,0.1707055138444102,26,0.1873480584796403,25
580,0.18790258083807568,25,0.17073463476971543,26,0.1873478433701966,25
581,0.18789885368191825,25,0.17088252080893113,26,0.1873399993787518,25
582,0.18791283935723035,25,0.17070201371522054,26,0.18733805032935466,25
583,0.18788168675228115,25,0.17077365551979,26,0.18735730462790004,25
584,0.18788057836285074,25,0.17071383770600457,26,0.18734048503263212,25
585,0.18788495730821386,25,0.1706956382810823,26,0.1873422722674567,25
586,0.1878796460848964,25,0.1706897970119356,26,0.18733543527597474,25
587,0.18787319996327148,25,0.1707161096867634,26,0.18736757475655919,25
588,0.1878775508690923,25,0.17068690739263012,26,0.18733471297113968,25
589,0.18787009917527814,25,0.17065361957040145,26,0.18733894982489113,25
590,0.18786837228055625,25,0.17065720603329318,26,0.18733892808485897,25
591,0.18788275061188475,25,0.1707228162163044,26,0.18734139810090836,25
592,0.18786732555632774,25,0.17066296821724,26,0.18734188760043485,25
593,0.18788189652873666,25,0.17070306187967227,26,0.18735241284282853,25
594,0.18787451958257675,25,0.17066269869016423,26,0.1873269633269473,25
595,0.1878474693990651,25,0.1707493745993119,26,0.18734377601923366,25
596,0.18785333765696885,25,0.17064616386348966,26,0.18733946625868594,25
597,0.18785240359549668,25,0.17074391064941344,26,0.18735395561288967,25
598,0.18784818515445154,25,0.17064615700864,26,0.18732642111739017,25
599,0.1878414647931253,25,0.17067676810740381,26,0.18733918682921846,25
600,0.18784234412524306,25,0.17065695710411902,26,0.18732404613944093,25
601,0.1878536969663115,25,0.17067109061010236,26,0.18733385297048727,25
602,0.1878433192988251,25,0.17062982445417477,26,0.18733588260399137,25
603,0.18785647367350894,25,0.17062612480318137,26,0.187328475750333,25
604,0.18784146052327336,25,0.1706157976905497,26,0.18733118614876984,25
605,0.18784605858746775,25,0.1706377441270997,26,0.18731665962941094,25
606,0.18784728748743876,25,0.17062537533054278,26,0.18731318204288508,25
607,0.18784181128613828,25,0.17062556349698213,26,0.1873062916641542,25
608,0.18783986165564143,25,0.1706156307164008,26,0.187305509159831,25
609,0.1878408371384869,25,0.17072064217947483,26,0.1873062326734242,25
610,0.18784454792418084,25,0.17065146289589844,26,0.18730914477454694,25
611,0.18785377059570754,25,0.17065548423763405,26,0.18733846669773804,25
612,0.18784689098713567,25,0.17060855308222458,26,0.18730685655222673,25
613,0.18786054791482454,25,0.17063064083574359,26,0.1873124438283957,25
614,0.18784595488920067,25,0.17063025202043575,26,0.18730830065486317,25
615,0.18784815609430772,25,0.17062047339340855,26,0.18731257261933804,25
616,0.1878376810008496,25,0.17060066698007056,26,0.18732771009868876,25
617,0.187838001217672,25,0.17059064470065544,26,0.18731502957311386,25
618,0.1878353963168694,25,0.1705941850155801,26,0.18731238508538672,25
619,0.1878368470348371,25,0.17064023742852674,26,0.1873299400076278,25
620,0.1878410958053319,25,0.1706115533070976,26,0.18730687128743262,25
621,0.18783153181511483,25,0.17058397102751321,26,0.18732175086671052,25
622,0.18783047724736482,25,0.1705974073428593,26,0.187310207342901,25
623,0.18783722808820677,25,0.17069795128407292,26,0.18730640122507242,25
624,0.18782852559869542,25,0.17058189849559238,26,0.18730508765125417,25
625,0.18782436153772944,25,0.17066526283748468,26,0.1873074426146579,25
626,0.1878292442536195,25,0.17059777697872408,26,0.18731447116162633,25
627,0.18782932780836958,25,0.17060402989078943,26,0.18731500415894134,25
628,0.18782283729772378,25,0.17058651822400092,26,0.18730590590418886,25
629,0.18782414768259179,25,0.1706721532613062,26,0.1873196195439609,25
630,0.18782846968880695,25,0.1705658728066581,26,0.18731474343405904,25
631,0.1878350741225927,25,0.1706238303460405,26,0.1873095708543265,25
632,0.18783034567142656,25,0.1705701994430516,26,0.1873116578465655,25
633,0.18782959834833002,25,0.17059295410362216,26,0.18732396203978396,25
634,0.1878217104262835,25,0.17057907793712618,26,0.1873145533003222,25
635,0.18782223113681024,25,0.17058186673930506,26,0.187301847131418,25
636,0.1878316562264687,25,0.1705869062228584,26,0.18730679397480485,25
637,0.1878311880609032,25,0.17062100021382723,26,0.18730610160934286,25
638,0.18783423764904464,25,0.17055480427666445,26,0.18730247517094886,25
639,0.18782506133229346,25,0.17069092719765083,26,0.1872999999072615,25
640,0.18781966069753428,25,0.17054917367161213,26,0.1873063162198433,25
641,0.18781015436692594,25,0.17061641078864176,26,0.1873169249315068,25
642,0.18781791522922223,25,0.1705693607286512,26,0.1872955025558738,25
643,0.1878183032648597,25,0.17059879773704592,26,0.18730292587209985,25
644,0.1878177503209352,25,0.1705304409566864,26,0.18729597665136982,25
645,0.18782824487090585,25,0.1705327336913336,26,0.18731317686478285,25
646,0.18781424725385507,25,0.17054271932538953,26,0.18730366309900345,25
647,0.18782133380091282,25,0.1705713025267932,26,0.18730700033386294,25
648,0.18781985402484877,25,0.17053739456485587,26,0.18729329327116528,25
649,0.1877932048969035,25,0.17062547539346712,26,0.18731424403806585,25
650,0.18779607659745623,25,0.17054313165022178,26,0.18729052702033888,25
651,0.18780299199771633,25,0.1706464983173978,26,0.18729703963912434,25
652,0.18780511930068142,25,0.1705289411724313,26,0.18729312342372348,25
653,0.18780235443934923,25,0.17054772275166194,26,0.1873008478255348,25
654,0.18779723492525977,25,0.17053118131851064,26,0.18729195765001908,25
655,0.18778494863477552,25,0.17058971226815547,26,0.18731046557471043,25
656,0.18778273519107286,25,0.17051951922213876,26,0.18729603433846725,25
657,0.18781088000112767,25,0.1705630411050736,26,0.18728857565792276,25
658,0.18778713464740596,25,0.17055794928434664,26,0.18729118227488356,25
659,0.18778872328567925,25,0.170526113861385,26,0.18729092854379073,25
660,0.18778967331430269,25,0.17054068718660817,26,0.18729111260392897,25
661,0.18778638828079644,25,0.17057217929598148,26,0.18729445790345545,25
662,0.18778407550768256,25,0.17052878795097737,26,0.18729313211937448,25
663,0.18779687206856513,25,0.17053310619476725,26,0.1872891000570627,25
664,0.187798561279727,25,0.17053204035827044,26,0.18729287966861438,25
665,0.18778978773486507,25,0.170571418280534,26,0.18730095055767196,25
666,0.18778879983759633,25,0.1705296499420825,26,0.1872920368249903,25
667,0.18778439396902263,25,0.170533465791396,26,0.18731775492692834,25
668,0.1877860743648834,25,0.17052336751283606,26,0.1872899617942004,25
669,0.1877917381129949,25,0.1705223875283728,26,0.18729969484791803,25
670,0.18778823423789817,25,0.1705344504844721,26,0.1872867438224154,25
671,0.18778705012531322,25,0.1705248372947964,26,0.18730165047443292,25
672,0.18778688737328267,25,0.170589217332779,26,0.18729015720240205,25
673,0.18778311052805313,25,0.1705454154016318,26,0.18730098319393546,25
674,0.1877845439893436,25,0.17052444793157798,26,0.18730047803502362,25
675,0.18778371621276513,25,0.17052478534444301,26,0.18728843252367605,25
676,0.18778812497686442,25,0.17052252007554436,26,0.1872926264565369,25
677,0.18778692111197134,25,0.1705333091165432,26,0.1872882370104284,25
678,0.18778716723398697,25,0.17051671736931,26,0.1872859998254347,25
679,0.1877744886589156,25,0.170522937451161,26,0.18729984779382705,25
680,0.18778016300169123,25,0.17052643239316895,26,0.18729250191841726,25
681,0.18776212192576755,25,0.17051510262883454,26,0.18729637478265046,25
682,0.18777139007806756,25,0.17051571384305694,26,0.18729883788481372,25
683,0.1877644675644012,25,0.17054630542740756,26,0.18728574769030432,25
684,0.18776418871187983,25,0.17051198776113258,26,0.18728061937044724,25
685,0.1877734361552765,25,0.17053654370436816,26,0.18730514895758837,25
686,0.18776743142253932,25,0.17050449895117245,26,0.1872877175364768,25
687,0.18776444323550504,25,0.17049805114988167,26,0.187286654844733,25
688,0.18776177129500457,25,0.1704943972325128,26,0.18728244419378332,25
689,0.1877562045306465,25,0.17051989704334844,26,0.18728878691927545,25
690,0.18776920157429258,25,0.17049624452609338,26,0.18729580696321838,25
691,0.18775406631172728,25,0.1705419930778625,26,0.1872727431465012,25
692,0.18775747292439354,25,0.17049441984718794,26,0.18728002600033425,25
693,0.18775915412271535,25,0.1704969354756479,26,0.18727535003311263,25
694,0.1877608998707182,25,0.17049550606542424,26,0.18727868735808054,25
695,0.18775956004941888,25,0.17050721500413774,26,0.1872718311312712,25
696,0.18776299082829168,25,0.17049703325934631,26,0.18727802832559975,25
697,0.1877590944352602,25,0.17050561759182944,26,0.1872939314985984,25
698,0.18776931218800358,25,0.1705005020763373,26,0.18727512361364687,25
699,0.18776225851569436,25,0.17049702397368013,26,0.1872808285339299,25
700,0.1877568449842121,25,0.17048119252751684,26,0.18727573828254548,25
701,0.18776031948384142,25,0.17049621914713411,26,0.18727663291337138,25
702,0.18775250659353515,25,0.17048846592920092,26,0.1872728099405151,25
703,0.18775631451902983,25,0.17048311012349818,26,0.18728144048595025,25
704,0.18775910939858217,25,0.17048746451146285,26,0.18727755947935526,25
705,0.18776662206327743,25,0.17048604270572915,26,0.18728383107116775,25
706,0.18775940925272994,25,0.17048792424617884,26,0.1872685658086858,25
707,0.18776842105439667,25,0.17048648323459262,26,0.18727030758793367,25
708,0.18775548533680284,25,0.17048405622808074,26,0.1872730604003484,25
709,0.18775040703873855,25,0.17047925723128673,26,0.18727697646232314,25
710,0.18774419888511257,25,0.17047508609276696,26,0.18727518626923018,25
711,0.18774197230133527,25,0.17050187493772853,26,0.18728220079898367,25
712,0.18774272254613755,25,0.17046877594822799,26,0.1872680340833593,25
713,0.18775981079336357,25,0.17049527183022697,26,0.18727304818630505,25
714,0.18774209119521357,25,0.17047188259580193,26,0.18728520063862697,25
715,0.18774750316059285,25,0.17047190854074448,26,0.18727403664454592,25
716,0.1877408111032009,25,0.17046339940247351,26,0.1872715335860905,25
717,0.18777349694649606,25,0.170461949701689,26,0.18727037888283402,25
718,0.18774419947539447,25,0.17046309329862486,26,0.18727707888970144,25
719,0.1877532016740748,25,0.17046788549031427,26,0.18727414056726868,25
720,0.1877367091488967,25,0.17047159657288324,26,0.18727484680863807,25
721,0.18777005096763966,25,0.1704618068909275,26,0.18727071347242585,25
722,0.18773361291558655,25,0.1704696482009874,26,0.18727318984890753,25
723,0.18775839344071207,25,0.1704754123551338,26,0.18727990627605062,25
724,0.1877402185133078,25,0.17046193155942552,26,0.18726895126881857,25
725,0.18773667728050417,25,0.17045882691877867,26,0.18728264058775887,25
726,0.1877357489862629,25,0.17045901394257915,26,0.18727092439837603,25
727,0.1877355906224438,25,0.17045562770114742,26,0.18727468915485238,25
728,0.18773501284779856,25,0.17045197671507442,26,0.18727075208450805,25
729,0.1877463285146319,25,0.170469892476389,26,0.18728770920934731,25
730,0.1877365189198881,25,0.17045171406193163,26,0.18727112839423157,25
731,0.18774173843505085,25,0.1704684850309025,26,0.1872681350827744,25
732,0.1877381437183892,25,0.1704474804210954,26,0.187270679101182,25
733,0.18774963301582392,25,0.1704375709729025,26,0.1872671208892183,25
734,0.18773968229849655,25,0.1704420361378999,26,0.18726378705519858,25
735,0.1877611706031452,25,0.17044512136134157,26,0.18729091585295365,25
736,0.1877306700393679,25,0.17044327414860366,26,0.1872612704924729,25
737,0.1877413138576401,25,0.17043961989855888,26,0.18727881331414759,25
738,0.18774281984188496,25,0.17044901244224755,26,0.18726936523322874,25
739,0.18774079365386925,25,0.1704794188932655,26,0.18727597720880768,25
740,0.18773461790726143,25,0.1704566695923776,26,0.18725533979967296,25
741,0.18774130946293133,25,0.17043085196470417,26,0.1872688278842618,25
742,0.1877284061571386,25,0.17042964611680128,26,0.18725898414131645,25
743,0.1877354941644858,25,0.170448169506942,26,0.18725130341999907,25
744,0.1877263088094468,25,0.17042955119060121,26,0.18725923274003428,25
745,0.18772990742585652,25,0.17044770551027066,26,0.1872480913533463,25
746,0.18772740787795253,25,0.1704378037305757,26,0.18725811864407657,25
747,0.18773414267917746,25,0.1704402688810065,26,0.18725795407065496,25
748,0.1877266306520698,25,0.1704317791666518,26,0.18724854815405548,25
749,0.18776279016323452,25,0.17046153366824282,26,0.1872477026017286,25
750,0.18772968663144252,25,0.17042634216446986,26,0.18725841737133592,25
751,0.1877304493978193,25,0.17042255069123935,26,0.1872528408923213,25
752,0.18772716185672644,25,0.17042212993398512,26,0.18725114205531943,25
753,0.18773157668417073,25,0.17046250064418744,26,0.18728076660773726,25
754,0.18773145856641255,25,0.17043236711201276,26,0.1872548667316685,25
755,0.1877367573213109,25,0.1704251276564301,26,0.18725040695776607,25
756,0.18772514020680375,25,0.17043352424985533,26,0.18724626841394215,25
757,0.18772896896771066,25,0.1704185730141126,26,0.1872506383143187,25
758,0.18772487305776864,25,0.17041011214550944,26,0.1872474542934645,25
759,0.187746844093877,25,0.1704402033132012,26,0.18727695619141624,25
760,0.18773090810414744,25,0.17041216610065182,26,0.18725239617174405,25
761,0.1877318557167235,25,0.1704244473805925,26,0.18725339136784777,25
762,0.1877282041413442,25,0.17040508652565822,26,0.18724928466836585,25
763,0.1877281844974287,25,0.17039302585035895,26,0.18724594909159514,25
764,0.18773399978634414,25,0.17041043991489196,26,0.18725013525171577,25
765,0.1877402913859623,25,0.17039182221912902,26,0.18726630381456344,25
766,0.18772382486003858,25,0.17040077728503583,26,0.1872493621671585,25
767,0.18772272611411728,25,0.1703990955956356,26,0.1872467948892785,25
768,0.18773023997651403,25,0.1703934118708068,26,0.18724478531282743,25
769,0.18772147487536794,25,0.17041721944343216,26,0.1872480086012272,25
770,0.18772202491401127,25,0.17039200133984317,26,0.18724763696540445,25
771,0.1877286725309512,25,0.17040703739595794,26,0.18725999376513888,25
772,0.18772720941261548,25,0.17039098198229213,26,0.18724585017247264,25
773,0.18772300264461322,25,0.17037342800845776,26,0.18725723555249324,25
774,0.18772486886649203,25,0.17037789617506208,26,0.1872479107223767,25
775,0.18772236557874133,25,0.17037053904708924,26,0.1872600089028545,25
776,0.18772580270602723,25,0.1703713747523837,26,0.1872488082728639,25
777,0.1877219535919874,25,0.17037953673932765,26,0.18724893170269555,25
778,0.18772073712728618,25,0.17037085371477903,26,0.18723957503293293,25
779,0.18772079558573712,25,0.17037724988780273,26,0.1872428376092071,25
780,0.18772508932699336,25,0.17036932135857782,26,0.1872410545443898,25
781,0.1877227621853861,25,0.17038076628978882,26,0.18725592895159834,25
782,0.18772331615544188,25,0.1703747415999653,26,0.18724196014536038,25
783,0.18772388113098604,25,0.17040043375051642,26,0.18724804640139966,25
784,0.187717978702385,25,0.17036971048598468,26,0.18724934434751989,25
785,0.18771811196767893,25,0.17039366298302927,26,0.1872494571172017,25
786,0.1877265267268088,25,0.17037679096506722,26,0.18724140897589125,25
787,0.18771734044160235,25,0.17039234127622427,26,0.18726400520517858,25
788,0.18771996165283036,25,0.1703715484517697,26,0.1872408562463031,25
789,0.18771758886876846,25,0.17036351373593445,26,0.18724958132554212,25
790,0.18771848480326406,25,0.17036105582814254,26,0.18724141484402465,25
791,0.1877184628035948,25,0.17036613571619363,26,0.18724092693056033,25
792,0.18772286773132263,25,0.1703560719630219,26,0.18724120654170257,25
793,0.18771833085946854,25,0.17037651328023926,26,0.18726096928114666,25
794,0.1877157149763061,25,0.17036057284348252,26,0.187243994608399,25
795,0.18771473364613236,25,0.1703616402115375,26,0.1872378723840748,25
796,0.18771562763577404,25,0.17035105776551773,26,0.1872349547077557,25
797,0.18771448893430798,25,0.17036278516773976,26,0.18725211395250987,25
798,0.18771497304225312,25,0.17035119427553921,26,0.18724444877772659,25
799,0.18771712502320634,25,0.1703540933222543,26,0.1872297400417201,25
800,0.18771669242793956,25,0.1703531713501932,26,0.18723299844591823,25
801,0.18771387463244735,25,0.17037846351801794,26,0.18723432865835327,25
802,0.1877165322775619,25,0.17034803814281224,26,0.18722872233134924,25
803,0.18771464664486423,25,0.17035160722098994,26,0.18722524749458633,25
804,0.18771570821858802,25,0.17034637778965228,26,0.18722284153805155,25
805,0.18771210995137547,25,0.17035568775358287,26,0.1872270297742852,25
806,0.18771393224643512,25,0.1703480120297401,26,0.18722359728338997,25
807,0.1877117597111621,25,0.17037036839413747,26,0.18722926358295003,25
808,0.18771591036062313,25,0.17034467868739442,26,0.18722757846446283,25
809,0.18771050993652116,25,0.17035294651398575,26,0.18723836289864162,25
810,0.1877155867350793,25,0.17034857270026554,26,0.18722489991655553,25
811,0.18771119776487402,25,0.17037227585900072,26,0.18724215760635043,25
812,0.187712182488239,25,0.17034626391297894,26,0.18722573704547008,25
813,0.1877118621639771,25,0.17036857642051093,26,0.18723098372063027,25
814,0.1877121870671866,25,0.17035640258217238,26,0.18722445196633927,25
815,0.18771231513675588,25,0.1703345197543113,26,0.18723755627164618,25
816,0.18770742697675824,25,0.17033830150455356,26,0.18722951396316712,25
817,0.18770533260818417,25,0.1703362710799222,26,0.187237776049685,25
818,0.18770675984141724,25,0.17033736893833992,26,0.187224125643133,25
819,0.18770747735719773,25,0.17034314823987368,26,0.1872349590837277,25
820,0.18770672383316805,25,0.1703351760027142,26,0.18722193788003327,25
821,0.1877047100283313,25,0.17034887313737726,26,0.1872336324546485,25
822,0.18771393628063796,25,0.17034668897731972,26,0.18722465167947785,25
823,0.18770469754755056,25,0.17034803046365388,26,0.1872336599396928,25
824,0.1877100547460505,25,0.17034159297658522,26,0.18722399055483804,25
825,0.18770473011696714,25,0.17033871597704575,26,0.18722310364138037,25
826,0.1877081246709527,25,0.17033074152020458,26,0.1872280027565761,25
827,0.1877050240235903,25,0.17034610945689369,26,0.18722553690608923,25
828,0.1877081075278718,25,0.17032267074762386,26,0.18722266479056907,25
829,0.18770423535765882,25,0.17032990500730627,26,0.18722511118681548,25
830,0.18771125522299106,25,0.1703267727746346,26,0.18722704513419522,25
831,0.18770468139910712,25,0.1703476718021363,26,0.18723120320420508,25
832,0.18770728416912366,25,0.17032176544453456,26,0.1872235290744411,25
833,0.18770217217843058,25,0.170334722157608,26,0.18723096065284509,25
834,0.18770242507897236,25,0.17032039329799936,26,0.18722417904298144,25
835,0.1877053723087288,25,0.1703221615647968,26,0.18722958135792775,25
836,0.1877046222377158,25,0.170317888028619,26,0.1872340216836391,25
837,0.18770240457880732,25,0.17032008460710948,26,0.18724719134791906,25
838,0.18770164330037872,25,0.1703177223456483,26,0.18722418981212505,25
839,0.18770352463696316,25,0.1703310516882636,26,0.18723519943465255,25
840,0.18770171603968824,25,0.17032213919944394,26,0.18722113997040263,25
841,0.1877031286749636,25,0.17030061242826636,26,0.1872236414148961,25
842,0.18770447353326433,25,0.17030303900748325,26,0.18722175317550002,25
843,0.18770326837852758,25,0.1703130508092579,26,0.1872438961151084,25
844,0.18770836669038904,25,0.1703129023251524,26,0.1872224500648758,25
845,0.18770380295861408,25,0.17031719352125285,26,0.18722758688006103,25
846,0.18770170575400547,25,0.1703027575220703,26,0.18722134046864036,25
847,0.18770247870209253,25,0.17032106670343866,26,0.18723701206877758,25
848,0.187698018484436,25,0.17029733699282074,26,0.18722177718849378,25
849,0.1876988871289681,25,0.17030084975052223,26,0.18724440827466635,25
850,0.18769741815288005,25,0.1703019741255124,26,0.18722254807925387,25
851,0.18769717273031544,25,0.17029643914647416,26,0.18721960987957556,25
852,0.18770370458241092,25,0.17029678196348444,26,0.1872234556122131,25
853,0.18769604934729897,25,0.17032264158991872,26,0.1872188093694793,25
854,0.18769561277783733,25,0.17029716911709167,26,0.18722926609550034,25
855,0.18769701112716453,25,0.170303731954775,26,0.18721961287776034,25
856,0.18769440235961357,25,0.17030037033933293,26,0.1872207524368557,25
857,0.18769691108804434,25,0.1703041580137966,26,0.18721893780328736,25
858,0.18769363472800343,25,0.17029780776354148,26,0.18721920834165115,25
859,0.18769418479677494,25,0.17030778442353373,26,0.187221911162646,25
860,0.18769672492208023,25,0.1703020490937638,26,0.18721538471780036,25
861,0.18769399026019343,25,0.17031931344330742,26,0.18721718116337313,25
862,0.1876931458478268,25,0.17030150782580786,26,0.18721933965087434,25
863,0.187695682924369,25,0.17030713040690626,26,0.18721593932527517,25
864,0.18769322298349958,25,0.17029885138964712,26,0.18721250722072763,25
865,0.1876952082331087,25,0.17030017484399976,26,0.18721388319976365,25
866,0.18770168735531154,25,0.17030275891503946,26,0.18721680802181423,25
867,0.18770385350921723,25,0.17032939989311757,26,0.1872138819163941,25
868,0.18768678875504707,25,0.1702904795211392,26,0.18721250911976633,25
869,0.1876822197513125,25,0.1703024275460242,26,0.18721322500033735,25
870,0.18767788525463083,25,0.17029515465959813,26,0.1872169538703468,25
871,0.1876795663871943,25,0.17028689106073275,26,0.18721468336381256,25
872,0.1876799402755788,25,0.17028685393211987,26,0.18721674836693591,25
873,0.18768095947470634,25,0.1703036388607132,26,0.18721378253127993,25
874,0.1876772109039536,25,0.17029362439758503,26,0.18721121051171088,25
875,0.18767680165981945,25,0.1702971174953639,26,0.1872113095262755,25
876,0.1876792516156118,25,0.17028955031584844,26,0.18721723754252284,25
877,0.1876773847703683,25,0.17028700334235655,26,0.18721377424909277,25
878,0.1876720457050489,25,0.17028873727589938,26,0.18721128899683803,25
879,0.18767318253708692,25,0.17028187720067342,26,0.18721226711211547,25
880,0.1876760665134813,25,0.1702916052989736,26,0.18722061257203917,25
881,0.18767273470420492,25,0.1703067758926865,26,0.18721201136628435,25
882,0.18767536432381743,25,0.1702882166354342,26,0.18721097645942125,25
883,0.18767494580390007,25,0.1702761682453469,26,0.18721001084186775,25
884,0.18768088474673303,25,0.1702770008940533,26,0.18720780764748296,25
885,0.18767159675784587,25,0.17028320094875563,26,0.1872089624379643,25
886,0.18767451417598438,25,0.17027697745080256,26,0.18721141461902588,25
887,0.18767282014313486,25,0.17027988511894665,26,0.18720821880355112,25
888,0.18768151655748808,25,0.1702813701986477,26,0.18721196496840262,25
889,0.18767096135873895,25,0.17029972188024942,26,0.1872095116534546,25
890,0.18766691197153829,25,0.17027876968335062,26,0.18721121893000467,25
891,0.187668218543998,25,0.17030815747781927,26,0.1872087044322229,25
892,0.1876713545384816,25,0.17027639896855776,26,0.18721016113797126,25
893,0.1876682949880219,25,0.17027643850365823,26,0.1872106083982839,25
894,0.18766558349654336,25,0.17027812941173034,26,0.18720921044469943,25
895,0.18766740544000435,25,0.170288099188676,26,0.18720786605696169,25
896,0.18766836975417905,25,0.17027718921579044,26,0.18721163992479406,25
897,0.18767033511114872,25,0.17028526406912964,26,0.1872079183165035,25
898,0.1876741605135229,25,0.17029334058824425,26,0.18720896815336563,25
899,0.18766755874635618,25,0.170283206757669,26,0.18720985198796983,25
900,0.18766214549499438,25,0.17028558140648326,26,0.1872037817857142,25
901,0.18766286299347829,25,0.17027980847164467,26,0.18720379809260793,25
902,0.18766515217223345,25,0.17028096652840813,26,0.1872081662074758,25
903,0.18766285686281414,25,0.17028315791236742,26,0.18720647147766709,25
904,0.18766531650369497,25,0.17028240846550602,26,0.18720496007714008,25
905,0.18766417884783854,25,0.17027232879953286,26,0.18720365916170037,25
906,0.18766014031523542,25,0.17027321987482108,26,0.18720631652343295,25
907,0.1876598278595062,25,0.170275687079527,26,0.18720339980482759,25
908,0.18765964084341238,25,0.17027255158126994,26,0.18720648459226075,25
909,0.1876597091590573,25,0.1702880580433425,26,0.18720566975212838,25
910,0.18767607636889427,25,0.1702800429682243,26,0.1872081107412636,25
911,0.18765911306499894,25,0.17027498789714524,26,0.1872050290252113,25
912,0.18766272880585042,25,0.17027397164536812,26,0.18720597885742027,25
913,0.18765962457524787,25,0.17027906032633006,26,0.1872075257702486,25
914,0.18765803323038574,25,0.17027319092851484,26,0.18720068388739677,25
915,0.18765757421702547,25,0.1702839010666001,26,0.18720172052850712,25
916,0.1876620425084391,25,0.17027164703611936,26,0.18720341025413725,25
917,0.1876573194578648,25,0.17027432711107904,26,0.18720218483924606,25
918,0.18766665347637024,25,0.17027851679447803,26,0.18720101376320994,25
919,0.18766264308823263,25,0.1702759759911113,26,0.18719997829514998,25
920,0.18767063202471757,25,0.17027571318041718,26,0.1872028247334589,25
921,0.18765648940488008,25,0.17027891249930888,26,0.18720150894004578,25
922,0.1876563883365862,25,0.1702686015266501,26,0.18720412979091905,25
923,0.18765564962782497,25,0.170261672081836,26,0.18720191022074567,25
924,0.18765251047365547,25,0.17026350230392498,26,0.187201327680503,25
925,0.18765686638245602,25,0.17026435745012874,26,0.18720101874465456,25
926,0.18765159182961785,25,0.17026049696341147,26,0.18720785865331271,25
927,0.18765372536316702,25,0.1702696144602963,26,0.18720047937137732,25
928,0.187657565839525,25,0.17026059283334966,26,0.1872007610745018,25
929,0.18765312508994172,25,0.17026906871977243,26,0.18720068351767727,25
930,0.18765820863555413,25,0.1702640170363727,26,0.18720326139840604,25
931,0.187652808944249,25,0.17027336747459976,26,0.18719968586709448,25
932,0.18765448133219068,25,0.17026226504630465,26,0.1872010886959653,25
933,0.18765174979285684,25,0.17026881819478976,26,0.18719992656602477,25
934,0.1876554186066206,25,0.1702632264471539,26,0.18720523298948843,25
935,0.18765181422000654,25,0.17026756222101808,26,0.18719991783356715,25
936,0.18765395735142942,25,0.1702623809871121,26,0.18720350054747872,25
937,0.18765184728193238,25,0.1702650480243444,26,0.1871999148012394,25
938,0.18765536346327658,25,0.17026203937472584,26,0.18720155637404118,25
939,0.1876478237308027,25,0.17026264086396192,26,0.1872008882222761,25
940,0.1876555659076496,25,0.1702606366418376,26,0.1872050377534229,25
941,0.18765282440398343,25,0.1702623010770523,26,0.18720104002917656,25
942,0.18765194723930356,25,0.17026232908911784,26,0.18720048679855372,25
943,0.18764871217399057,25,0.17025877339179446,26,0.1872014643860697,25
944,0.18765348941070292,25,0.17025490758230513,26,0.1872021431340414,25
945,0.18764755243911632,25,0.17025884459132137,26,0.18720040549920172,25
946,0.18766027516680378,25,0.17026519614270422,26,0.18719926143452134,25
947,0.18764628719853926,25,0.1702578706744776,26,0.18719962799011747,25
948,0.18764909176953828,25,0.17026022920527434,26,0.18719927300940364,25
949,0.18764976420659465,25,0.1702544417964377,26,0.18719897860970708,25
950,0.18765043943074822,25,0.17025977706935708,26,0.1872000202276076,25
951,0.18764496925306184,25,0.17025369732213375,26,0.18719830689378678,25
952,0.18764530394327225,25,0.17025685319511336,26,0.18719846093059947,25
953,0.18764633310220422,25,0.17025292587755272,26,0.18720057139934815,25
954,0.18764693969717242,25,0.17024618066410238,26,0.1871991506302825,25
955,0.18764627903940473,25,0.1702474032379088,26,0.1871981199291589,25
956,0.18764023427758145,25,0.17024618149427806,26,0.1871979716187217,25
957,0.1876409964048147,25,0.170245899233349,26,0.18719800078246085,25
958,0.18765108543772016,25,0.17024295272568984,26,0.18719756873531046,25
959,0.187642206383286,25,0.17024358655577762,26,0.1872024487152784,25
960,0.18764316006299742,25,0.1702452978342263,26,0.1871980334277735,25
961,0.18764434393363252,25,0.1702428801499881,26,0.18719943686613655,25
962,0.18763669788081785,25,0.17024342707360876,26,0.18719889636091067,25
963,0.1876386338212537,25,0.17024290671661493,26,0.18719695260437574,25
964,0.1876398007352405,25,0.17024682711144667,26,0.1871956905088141,25
965,0.1876370389747033,25,0.17024459183096047,26,0.18719866846022143,25
966,0.18764419425289425,25,0.17024553633235057,26,0.1871974612636737,25
967,0.18763872249856414,25,0.17024346742856003,26,0.18719495536893208,25
968,0.1876429122040394,25,0.17024712936342978,26,0.18719502574148553,25
969,0.18763774375938705,25,0.17024187411425767,26,0.18719480172193873,25
970,0.18763931443959805,25,0.17024227084105642,26,0.1871957123470512,25
971,0.18763568226026908,25,0.17024108672842475,26,0.18719337884713053,25
972,0.18763284518195775,25,0.1702437879936166,26,0.18719320394513095,25
973,0.18763154016395192,25,0.17024121483113616,26,0.1871941378425356,25
974,0.18763239405804022,25,0.1702394647770601,26,0.1871925551400331,25
975,0.18763073372723288,25,0.17023823395462498,26,0.18719225916016202,25
976,0.1876328084845062,25,0.17023652879649617,26,0.18719126843143916,25
977,0.18763289864876528,25,0.17023760774707328,26,0.1871899145230082,25
978,0.18763034210465843,25,0.17023427637722538,26,0.18718887363026307,25
979,0.18763081145831087,25,0.170231919193322,26,0.18718850916323185,25
980,0.18763265447505223,25,0.1702243685573828,26,0.18718883964856717,25
981,0.18763113374622015,25,0.17022225798020785,26,0.18718960291103934,25
982,0.18763521237084996,25,0.17022133703553718,26,0.18718887823397418,25
983,0.18763082220903357,25,0.1702219672420925,26,0.18718950620522076,25
984,0.18763082948096843,25,0.1702266885380525,26,0.18718757770738406,25
985,0.18763084722363557,25,0.1702205102901607,26,0.18718809851720783,25
986,0.18763444580507466,25,0.17021761822435355,26,0.1871872540283794,25
987,0.18763266880604948,25,0.17021923565256752,26,0.18718895711741743,25
988,0.18763431123170654,25,0.17021905273929655,26,0.1871866859090633,25
989,0.18763078189218796,25,0.17021822591727193,26,0.1871873765459816,25
990,0.18763097501411513,25,0.17021459979624015,26,0.1871863987092194,25
991,0.18762994158982685,25,0.17021423197474636,26,0.18718637885146427,25
992,0.1876300349999547,25,0.17021775902723602,26,0.18718588788039908,25
993,0.18762888583789092,25,0.17021454494230365,26,0.18718606698988,25
994,0.18763279588455517,25,0.17021503746071853,26,0.18718665605563878,25
995,0.18763044932168857,25,0.17021838613011797,26,0.18718541800441593,25
996,0.18763446634179412,25,0.17021405632820227,26,0.18718563598930676,25
997,0.18762998561517666,25,0.1702174944780728,26,0.18718681411641702,25
998,0.18762958485835854,25,0.17021100219725574,26,0.18718562572011235,25
999,0.18762876421737062,25,0.1702114553935055,26,0.187186563176767,25
