{
    "sample_0": {
        "best_score": 94,
        "best_partition_bitstring": "01010011010010011110111000010101",
        "best_cost_value": 318
    },
    "sample_1": {
        "best_score": 98,
        "best_partition_bitstring": "01110110100100110111010010000100",
        "best_cost_value": 318
    },
    "sample_2": {
        "best_score": 108,
        "best_partition_bitstring": "01100001110101111110000000101110",
        "best_cost_value": 318
    },
    "conclusion": {
        "best_sample_id": 2,
        "best_cut_score": 108,
        "best_partition_bitstring": "01100001110101111110000000101110"
    }
}