{
    "sample_0": {
        "best_score": 72,
        "best_partition_bitstring": "0111111101101010100010000100",
        "best_cost_value": 214
    },
    "sample_1": {
        "best_score": 61,
        "best_partition_bitstring": "0100001010100101010110101010",
        "best_cost_value": 214
    },
    "sample_2": {
        "best_score": 64,
        "best_partition_bitstring": "0111001000000111011100000010",
        "best_cost_value": 214
    },
    "conclusion": {
        "best_sample_id": 0,
        "best_cut_score": 72,
        "best_partition_bitstring": "0111111101101010100010000100"
    }
}