{
    "sample_0": {
        "best_score": 42,
        "best_partition_bitstring": "00001001100111011101",
        "best_cost_value": 126
    },
    "sample_1": {
        "best_score": 41,
        "best_partition_bitstring": "00111000010111100001",
        "best_cost_value": 126
    },
    "sample_2": {
        "best_score": 41,
        "best_partition_bitstring": "00001010111010101010",
        "best_cost_value": 126
    },
    "conclusion": {
        "best_sample_id": 0,
        "best_cut_score": 42,
        "best_partition_bitstring": "00001001100111011101"
    }
}