{
    "sample_0": {
        "best_score": 26,
        "best_partition_bitstring": "1101000110000101",
        "best_cost_value": 68
    },
    "sample_1": {
        "best_score": 24,
        "best_partition_bitstring": "0010101001101001",
        "best_cost_value": 68
    },
    "sample_2": {
        "best_score": 26,
        "best_partition_bitstring": "1101000110000110",
        "best_cost_value": 68
    },
    "conclusion": {
        "best_sample_id": 0,
        "best_cut_score": 26,
        "best_partition_bitstring": "1101000110000101"
    }
}