{
    "sample_0": {
        "best_score": 51,
        "best_partition_bitstring": "001110100010011010111010",
        "best_cost_value": 148
    },
    "sample_1": {
        "best_score": 48,
        "best_partition_bitstring": "010000001101101100100100",
        "best_cost_value": 148
    },
    "sample_2": {
        "best_score": 51,
        "best_partition_bitstring": "010100011011101010110000",
        "best_cost_value": 148
    },
    "conclusion": {
        "best_sample_id": 0,
        "best_cut_score": 51,
        "best_partition_bitstring": "001110100010011010111010"
    }
}