{
    "sample_0": {
        "best_score": 75,
        "best_partition_bitstring": "1011001110001110101000010100",
        "best_cost_value": 214
    },
    "sample_1": {
        "best_score": 74,
        "best_partition_bitstring": "1100001010111110001000110010",
        "best_cost_value": 214
    },
    "sample_2": {
        "best_score": 74,
        "best_partition_bitstring": "0010001101001001110111101000",
        "best_cost_value": 214
    },
    "conclusion": {
        "best_sample_id": 0,
        "best_cut_score": 75,
        "best_partition_bitstring": "1011001110001110101000010100"
    }
}