{
    "sample_0": {
        "best_score": 52,
        "best_partition_bitstring": "100110101001001110100100",
        "best_cost_value": 148
    },
    "sample_1": {
        "best_score": 50,
        "best_partition_bitstring": "011001010010100101101110",
        "best_cost_value": 148
    },
    "sample_2": {
        "best_score": 50,
        "best_partition_bitstring": "010000011010100011110000",
        "best_cost_value": 148
    },
    "conclusion": {
        "best_sample_id": 0,
        "best_cut_score": 52,
        "best_partition_bitstring": "100110101001001110100100"
    }
}