{
    "sample_0": {
        "best_score": 44,
        "best_partition_bitstring": "01011101001100100001",
        "best_cost_value": 126
    },
    "sample_1": {
        "best_score": 44,
        "best_partition_bitstring": "00101000110011001110",
        "best_cost_value": 126
    },
    "sample_2": {
        "best_score": 43,
        "best_partition_bitstring": "00001000110111001110",
        "best_cost_value": 126
    },
    "conclusion": {
        "best_sample_id": 0,
        "best_cut_score": 44,
        "best_partition_bitstring": "01011101001100100001"
    }
}