{
    "sample_0": {
        "best_score": 96,
        "best_partition_bitstring": "00100011101010100101011001011010",
        "best_cost_value": 318
    },
    "sample_1": {
        "best_score": 99,
        "best_partition_bitstring": "11100110011000111001100000001001",
        "best_cost_value": 318
    },
    "sample_2": {
        "best_score": 98,
        "best_partition_bitstring": "11101110001100111000100111011000",
        "best_cost_value": 318
    },
    "conclusion": {
        "best_sample_id": 1,
        "best_cut_score": 99,
        "best_partition_bitstring": "11100110011000111001100000001001"
    }
}