{
    "sample_0": {
        "best_score": 52,
        "best_partition_bitstring": "011100110010000010110110",
        "best_cost_value": 148
    },
    "sample_1": {
        "best_score": 50,
        "best_partition_bitstring": "110000111101101100100100",
        "best_cost_value": 148
    },
    "sample_2": {
        "best_score": 49,
        "best_partition_bitstring": "010010001110001010110010",
        "best_cost_value": 148
    },
    "conclusion": {
        "best_sample_id": 0,
        "best_cut_score": 52,
        "best_partition_bitstring": "011100110010000010110110"
    }
}