{
    "sample_0": {
        "best_score": 103,
        "best_partition_bitstring": "01011001000111101010001100011011",
        "best_cost_value": 318
    },
    "sample_1": {
        "best_score": 105,
        "best_partition_bitstring": "11001101011100011000100110101001",
        "best_cost_value": 318
    },
    "sample_2": {
        "best_score": 104,
        "best_partition_bitstring": "10100000101011001101101001101110",
        "best_cost_value": 318
    },
    "conclusion": {
        "best_sample_id": 1,
        "best_cut_score": 105,
        "best_partition_bitstring": "11001101011100011000100110101001"
    }
}