{
    "sample_0": {
        "best_score": 76,
        "best_partition_bitstring": "0100110000110001010111101011",
        "best_cost_value": 214
    },
    "sample_1": {
        "best_score": 75,
        "best_partition_bitstring": "0111001110001110101000010100",
        "best_cost_value": 214
    },
    "sample_2": {
        "best_score": 70,
        "best_partition_bitstring": "1111001000100110101000010010",
        "best_cost_value": 214
    },
    "conclusion": {
        "best_sample_id": 0,
        "best_cut_score": 76,
        "best_partition_bitstring": "0100110000110001010111101011"
    }
}