{
    "sample_0": {
        "best_score": 42,
        "best_partition_bitstring": "11010011110000100000",
        "best_cost_value": 126
    },
    "sample_1": {
        "best_score": 42,
        "best_partition_bitstring": "01000010110010001110",
        "best_cost_value": 126
    },
    "sample_2": {
        "best_score": 39,
        "best_partition_bitstring": "00111011100000100000",
        "best_cost_value": 126
    },
    "conclusion": {
        "best_sample_id": 0,
        "best_cut_score": 42,
        "best_partition_bitstring": "11010011110000100000"
    }
}