{
    "sample_0": {
        "best_score": 52,
        "best_partition_bitstring": "011101110010000010010110",
        "best_cost_value": 148
    },
    "sample_1": {
        "best_score": 51,
        "best_partition_bitstring": "101100110001001110100100",
        "best_cost_value": 148
    },
    "sample_2": {
        "best_score": 48,
        "best_partition_bitstring": "010100100111100011010000",
        "best_cost_value": 148
    },
    "conclusion": {
        "best_sample_id": 0,
        "best_cut_score": 52,
        "best_partition_bitstring": "011101110010000010010110"
    }
}